{"cameraMode":{"drawMode":0,"name":"Shaded","section":"Shading Mode"},"sceneLighting":true,"audioPlay":false,"sceneViewState":{"m_AlwaysRefresh":false,"showFog":true,"showSkybox":true,"showFlares":true,"showImageEffects":true,"showParticleSystems":true,"showVisualEffectGraphs":true,"m_FxEnabled":true},"in2DMode":false,"pivot":{"x":23.36431884765625,"y":11.798748016357422,"z":0.22262191772460938},"rotation":{"x":-0.1456051915884018,"y":0.26709601283073428,"z":-0.04086649790406227,"w":-0.9517536759376526},"size":6.8175458908081059,"orthographic":false}