{"cameraMode":{"drawMode":0,"name":"Shaded","section":"Shading Mode"},"sceneLighting":true,"audioPlay":false,"sceneViewState":{"m_AlwaysRefresh":false,"showFog":true,"showSkybox":true,"showFlares":true,"showImageEffects":true,"showParticleSystems":true,"showVisualEffectGraphs":true,"m_FxEnabled":true},"in2DMode":false,"pivot":{"x":-0.35629570484161379,"y":2.5459651947021486,"z":-4.266019821166992},"rotation":{"x":-0.07672886550426483,"y":0.01405632309615612,"z":-0.0010874754516407848,"w":-0.9969745874404907},"size":12.12435531616211,"orthographic":false}