{"cameraMode":{"drawMode":0,"name":"Shaded","section":"Shading Mode"},"sceneLighting":true,"audioPlay":false,"sceneViewState":{"m_AlwaysRefresh":false,"showFog":true,"showSkybox":true,"showFlares":true,"showImageEffects":true,"showParticleSystems":true,"showVisualEffectGraphs":true,"m_FxEnabled":true},"in2DMode":false,"pivot":{"x":-11.489202499389649,"y":-7.674434661865234,"z":4.9631123542785648},"rotation":{"x":-0.27176156640052798,"y":0.4834468364715576,"z":-0.16090716421604157,"w":-0.8164680004119873},"size":13.653247833251954,"orthographic":false}